{
  "run_timestamp_utc": "2026-07-02T15:28:14Z",
  "paper_reported_episodes_1900_2014": 395,
  "red_v1_included_total": 345,
  "red_v1_included_1900_2014": 343,
  "red_v1_excluded_total": 131,
  "included_pre1900": 2,
  "included_post2014": 0,
  "revolution_index_mean": 1.0000005980111721,
  "revolution_index_sd": 7.788073121032911e-07,
  "solar_threshold": 906.1,
  "max_local_solar_years_count": 10,
  "max_local_solar_years_sample": [
    1907,
    1917,
    1927,
    1938,
    1948,
    1958,
    1969,
    1980,
    1990,
    2001
  ],
  "window_high_years_count": 50,
  "contingency_window": {
    "TP": 12,
    "TN": 61,
    "FP": 38,
    "FN": 4,
    "Sensitivity": 0.75,
    "Specificity": 0.6161616161616161,
    "PositivePredictive": 0.24,
    "NegativePredictive": 0.9384615384615385,
    "TypeI": 0.3838383838383838,
    "TypeII": 0.25
  },
  "contingency_threshold": {
    "TP": 13,
    "TN": 62,
    "FP": 37,
    "FN": 3,
    "Sensitivity": 0.8125,
    "Specificity": 0.6262626262626263,
    "PositivePredictive": 0.26,
    "NegativePredictive": 0.9538461538461539,
    "TypeI": 0.37373737373737376,
    "TypeII": 0.1875
  },
  "contingency_p90": {
    "TP": 4,
    "TN": 90,
    "FP": 9,
    "FN": 12,
    "Sensitivity": 0.25,
    "Specificity": 0.9090909090909091,
    "PositivePredictive": 0.3076923076923077,
    "NegativePredictive": 0.8823529411764706,
    "TypeI": 0.09090909090909091,
    "TypeII": 0.75
  },
  "contingency_p85": {
    "TP": 5,
    "TN": 85,
    "FP": 14,
    "FN": 11,
    "Sensitivity": 0.3125,
    "Specificity": 0.8585858585858586,
    "PositivePredictive": 0.2631578947368421,
    "NegativePredictive": 0.8854166666666666,
    "TypeI": 0.1414141414141414,
    "TypeII": 0.6875
  },
  "maxima_years_count": 10,
  "maxima_years_sample": [
    1907,
    1917,
    1927,
    1938,
    1948,
    1958,
    1969,
    1980,
    1990,
    2001
  ]
}